# Note: if you have increased the bootloader size, make sure to update the offsets to avoid overlap

# ESP-IDF Partition Table
# Name,      Type, SubType, Offset,   Size,    Flags

#---------------------------------------------------
# 16MB VARIANT I:

#I (57) boot: Partition Table:
#I (61) boot: ## Label            Usage          Type ST Offset   Length
#I (68) boot:  0 nvs              WiFi data        01 02 00009000 00004000    16384
#I (76) boot:  1 otadata          OTA data         01 00 0000d000 00002000     8192    24576
#I (83) boot:  2 phy_init         RF data          01 01 0000f000 00001000     4096    28672
#I (90) boot:  3 ota_0            OTA app          00 10 00010000 007f0000  8323072  8351744
#I (98) boot:  4 ota_1            OTA app          00 11 00800000 007f0000  8323072 16674816
#I (05) boot:  5 fr               Unknown data     01 06 00ff0000 00010000    65536 16740352 == 0xff7000
#I (13) boot: End of partition table

nvs,       data, nvs,     ,         0x4000,
otadata,   data, ota,     ,         0x2000,
phy_init,  data, phy,     ,         0x1000,   
ota_0,     app,  ota_0,   ,         0x7f0000,
ota_1,     app,  ota_1,   ,         0x7f0000, 
fr,        data,      ,   ,         0x10000,

